source_site,food_class,query,recipe_name,ingredients_text,calories,protein,fat,carbs,source_url,scraped_at
skinnytaste,pizza,pizza,Spicy Salmon Sushi Pizza,"2  6 inch tortillas (gluten-free or whole wheat (I used Siete casava flour)) 2 ounces avocado (from 1/2 small haas) kosher salt 8 ounces sushi-grade salmon (or sashimi, skin removed and minced fine) 2 tablespoons mayonnaise 2 teaspoons sriracha 2 tablespoons sliced scallions (divided) 1 teaspoon toasted sesame oil 1 teaspoon soy sauce or gluten-free tamari 1 teaspoon black and white sesame seeds 1  thin sliced jalapeño",403.0,24.5,26.5,17.0,https://www.skinnytaste.com/spicy-salmon-sushi-pizza/,2026-05-12 01:59:43
skinnytaste,sandwich,sandwich,High Protein Bread (Oat Sandwich Rolls),"1 cup oat flour (plus more for dusting if needed*) 2 teaspoons baking powder (make sure it's not expired or it won't rise) 3/4 teaspoon kosher salt (use less if using table salt) 1 cup low-fat classic cottage cheese (I like Good Culture drained of any whey at the top) 1  egg white (beaten (whole egg works fine too)) Everything bagel seasoning (sesame, etc for topping, optional)",135.5,10.5,3.0,18.0,https://www.skinnytaste.com/high-protein-bread-oat-sandwich-rolls/,2026-05-12 02:00:11
skinnytaste,sandwich,chicken sandwich,Pickle Ham and Swiss Chicken Roll Ups (Cuban Chicken),"4  1 lb thin boneless chicken cutlets 1 1/4 cups pickle juice (enough to cover chicken) 4 teaspoons deli mustard 2 oz thin sliced reduced sodium deli ham 2 oz shredded Swiss cheese 1-2  dill pickles (sliced very thin lengthwise, dried on paper towel (I used a mandolin)) olive oil spray 1  large egg (beaten) 1/3 cup seasoned wheat or gluten-free breadcrumbs* 1/3 cup seasoned wheat or gluten-free panko* cooking spray",280.0,36.0,9.0,12.5,https://www.skinnytaste.com/cubano-chicken-pickle-ham-and-swiss-chicken-roll-ups/,2026-05-12 02:00:22
skinnytaste,sandwich,turkey sandwich,Turkey Burgers with Zucchini,6 oz grated zucchini (when squeezed 4.25 oz) 1 lb 93% lean ground turkey 1/4 cup seasoned whole wheat or gluten-free breadcrumbs 1 clove garlic (grated) 1 tbsp grated red onion 1 tsp kosher salt and fresh pepper oil spray,161.0,18.0,7.0,4.5,https://www.skinnytaste.com/turkey-burgers-with-zucchini/,2026-05-12 02:00:36
skinnytaste,sandwich,turkey sandwich,Turkey Meatballs,"1.3 pound package ground turkey (93% lean) 1/4 cup seasoned breadcrumbs (or gluten-free crumbs) 1/4 cup Pecorino Romano cheese 1/4 cup fresh parsley (finely chopped) 1  egg 1 large clove garlic (grated or minced) 1 teaspoon kosher salt (and fresh black pepper, to taste) 2 teaspoons olive oil (extra virgin) 4 cloves garlic (smashed) 2  28 oz cans  crushed tomatoes (I swear by Tuttorosso) 1/2 small  onion (cut in half but don&#39;t chop) 1  bay leaf 1 teaspoon dried oregano 1/4 cup chopped basil (fresh ) kosher salt (and fresh black pepper, to taste)",280.0,25.5,11.5,25.0,https://www.skinnytaste.com/skinny-italian-meatballs-turkey-1-p/,2026-05-12 02:00:40
skinnytaste,steak,steak,Fall Steak Salad with Sweet Potatoes,"1 large  sweet potato (about 1 pound, peeled and cut into ½-inch cubes) olive oil spray 1 ½ teaspoons kosher salt (divided) ¼ teaspoon black pepper (freshly ground ) 1 ¼ pounds sirloin steak (trimmed of excess fat and cut into 1-inch cubes) ½ teaspoon avocado oil ¼ teaspoon ground chili powder ¼ teaspoon ground cumin 5 cloves garlic ¾ cup packed parsley leaves (finely chopped) 2 tablespoons extra virgin olive oil 3 tablespoons red wine vinegar ½ teaspoon kosher salt and black pepper (to taste) 4 ounces baby arugula 1 tablespoon extra virgin olive oil 1 tablespoon lemon juice ½ teaspoon kosher salt",394.5,33.5,17.5,26.0,https://www.skinnytaste.com/fall-steak-salad-with-sweet-potatoes/,2026-05-12 02:00:41
skinnytaste,steak,beef steak,Carne Asada Salad,"1  Strip Steak  (Boneless, 1 inch thick, trimmed (about 10 ounces)) 1 large clove garlic (minced) 1 teaspoon ground cumin 1/2 teaspoon kosher salt black pepper (to taste) 3 cups mixed greens 1/2 cup pico de gallo ((store bought or recipe here)) 1/4 cup shredded Monterrey Jack 2  lime wedges 1/2 cup prepared or my homemade guacamole Additional lime wedges ( optional) jalapeno slices (optional)",390.0,38.0,21.5,12.0,https://www.skinnytaste.com/carne-asada-steak-salad/,2026-05-12 02:01:01
skinnytaste,steak,beef steak,Loaded Philly Cheesesteak Baked Potato,"4  5 1/2 oz russet potato, washed and dried 1/2 lb thin sliced beef round sandwich steaks salt and fresh cracked pepper (to taste) garlic powder (to taste) 1/2  medium onion (sliced into long 1/4"" thick strips) 1/2  red bell pepper (thinly sliced into 1/4"" thick strips) 1/2  green bell pepper (thinly sliced into 1/4"" thick strips) 1/2 tsp olive oil 8 oz sliced mushrooms cooking spray (sprayed about 4 seconds) 4 slices provolone cheese",390.0,26.0,13.0,44.0,https://www.skinnytaste.com/loaded-philly-cheesesteak-baked-potato/,2026-05-12 02:01:06
skinnytaste,steak,grilled steak,Steak & Caramelized Onions with Arugula and Penne,"1 lb top sirloin kosher salt and fresh cracked pepper (to taste) 4 oz penne pasta (I used Tru Roots GF penne w/ quinoa, amaranth &amp; brown rice) 3 oz baby arugula 4 teaspoons olive oil 1 1/2 tbsp golden balsamic 1/2 oz shaved Parmesan or Pecorino Romano cheese 1/2  medium red onion 1  large white onion 1 tsp paprika 1/2 tsp kosher coarse salt 1 tbsp golden balsamic vinegar 1 tbsp olive oil",384.0,30.0,15.0,29.5,https://www.skinnytaste.com/steak-caramelized-onions-with-arugula/,2026-05-12 02:01:11
skinnytaste,sushi,sushi bowl,Spicy Canned Salmon Salad Rice Bowl,1 5-ounce can  skinless wild pink or red salmon (in water drained) 1 tablespoons light mayonnaise 2 teaspoons sriracha sauce (plus more for topping) 2  scallions (white and greens separated) Pinch kosher salt 3/4 cup cooked brown rice (heated) ½ cup chopped cucumber (I use Persian cucumbers) Furikake or chopped nori and sesame seeds (for garnish),389.0,25.0,14.0,39.0,https://www.skinnytaste.com/spicy-canned-salmon-rice-bowl/,2026-05-12 02:01:16
skinnytaste,sushi,poke bowl,Tofu Poke Bowl,"1 14-ounce package extra firm tofu, drained ¼ cup reduced sodium soy sauce or gluten free tamari (plus optional more for drizzling) 4  garlic cloves (crushed through a garlic press or finely minced) ½ medium cucumber (3/4 cups) 2  scallions 1/2 tablespoon cornstarch 1 tablespoon sesame oil 2 cups mixed greens 1 cup cooked brown rice ½ cup shelled edamame 2 ounces avocado (sliced, from 1 small) Sesame seeds (for garnish) Sriracha mayo* or sriracha (for topping (optional))",520.0,29.0,24.0,47.0,https://www.skinnytaste.com/tofu-poke-bowl/,2026-05-12 02:01:19
skinnytaste,sushi,poke bowl,Spicy Tuna Poke Bowl,1/2 pound sushi grade tuna (cut into 1/2-inch cubes) 1/4 cup sliced scallions 2 tablespoons reduced sodium soy sauce or gluten-free tamari 1 teaspoon sesame oil 1/2 teaspoon sriracha 2 tablespoons light mayonnaise 2 teaspoons sriracha sauce 1 cup cooked short grain brown rice or sushi white rice 1 cup cucumbers ((from 2 Persian) peeled and diced 1/2-inch cubes) 1/2 medium Hass avocado ((3 ounces) sliced) 2  scallions (sliced for garnish) 1 teaspoon black sesame seeds Reduced sodium soy or gluten-free tamari (for serving (optional)) sriracha (for serving (optional)),397.0,32.5,14.5,33.5,https://www.skinnytaste.com/spicy-tuna-poke-bowls/,2026-05-12 02:01:20
skinnytaste,sushi,poke bowl,Ahi Poke Bowl with Mango,½ pound sushi grade tuna (cut into ¾-inch cubes) 2 tablespoons thinly sliced white onion ¼ cup chopped scallions 1 tablespoon reduced sodium soy sauce or gluten-free tamari ½ teaspoon sesame oil ¼ teaspoon sriracha 1  medium mango 1  small Hass avocado (4 ounces) ½  medium cucumber ½-1  small jalapeno (to taste) 2  scallions 1 cup cooked brown rice 2 tablespoons chopped roasted Macadamia nuts 1 teaspoon toasted sesame seeds Lime wedges (for serving) Reduced sodium soy or gluten-free tamari (for serving (optional)) Sriracha (for serving (optional)),527.0,34.0,19.0,60.0,https://www.skinnytaste.com/ahi-poke-bowl/,2026-05-12 02:01:22
skinnytaste,sushi,poke bowl,Shoyu Ahi Poke,1 lb sushi grade tuna (cut into 3/4 inch cubes) 1/4 cup thin sliced onions 1/2 cup sliced scallions (green parts only) 2 tbsp reduced sodium soy sauce* (use coconut aminos for Whole30/Paleo) 1 teaspoon sesame oil 1/2 teaspoon sambal oelek or sriracha,166.0,28.5,4.0,2.5,https://www.skinnytaste.com/shoyu-aji-poke/,2026-05-12 02:01:24
skinnytaste,sushi,salmon bowl,Teriyaki Salmon Bowl (Air Fryer or Oven),"8 oz wild salmon fillet (skin removed, cut into 1-inch cubes) 2 ½ tbsp low-sodium soy sauce (or tamari for gluten-free) 2 ½ tbsp mirin (Japanese sweet rice wine) 2 ½ tbsp sake 1 ½ teaspoons honey 1 ½ cup cooked jasmine rice ( or sticky rice) ½ cup shelled edamame (steamed or thawed) 2  mini cucumbers (cut into half moon chunks) 1  scallion (thinly sliced) ½ teaspoon black sesame seeds (or black and white) sriracha or chili crisp (optional for serving)",491.0,33.0,10.0,62.5,https://www.skinnytaste.com/teriyaki-salmon-bowl-air-fryer-or-oven/,2026-05-12 02:01:26
skinnytaste,sushi,salmon bowl,Seattle Asian Salmon Bowl,1/2 cup green onions (thinly sliced) 1  English cucumber (sliced) 1 tbsp toasted sesame seeds 1 4- ounce avocado (diced) 2 cups cooked brown rice 3/4 cup sprouts such as daikon radish 1  strip nori (shredded) 16 ounces wild salmon (cut in 4 pieces) olive oil spray salt and fresh ground pepper to taste 2 tbsp less sodium soy sauce (or GF Tamari) 2 tsp wasabi 2 tbsp mirin 2 tbsp rice wine vinegar 1 tbsp sesame oil,395.0,27.0,17.0,31.0,https://www.skinnytaste.com/seattle-asian-salmon-bowl/,2026-05-12 02:01:28
skinnytaste,sushi,salmon bowl,Korean Salmon Rice Bowl,4  5-ounce skinless salmon filets (diced in 1 inch chunks) olive oil spray 1 tablespoon minced ginger 2 teaspoons soy sauce 1 tablespoon gochujang 2 teaspoons mirin 2 teaspoons soy sauce (plus more for serving) 2 teaspoons sugar 1/2 teaspoon toasted sesame oil 1 small clove  garlic (minced) 3 cups cooked rice 4  mini cucumbers (sliced) scallions (sliced thin on an angle) black sesame seeds,431.0,33.0,10.0,50.0,https://www.skinnytaste.com/korean-salmon-rice-bowl/,2026-05-12 02:01:30
skinnytaste,sushi,salmon bowl,Honey Sriracha Roasted Salmon Rice Bowls,"2 tablespoons honey 1 tablespoon sriracha (plus more for serving) 1 tablespoon soy sauce 2 teaspoons minced or grated fresh ginger 1 ½ pounds skinless salmon filets 3  Persian cucumbers (thinly sliced, or ⅓ English cucumber, cut into thin half-moons) 1 ½ teaspoons rice vinegar (plus more as needed) 1 teaspoon toasted sesame oil ½ teaspoon kosher salt 3 cups cooked short-grain brown rice 4 ounces avocado (from 1 small haas, thinly sliced) Furikake seasoning (or sesame seeds, for garnish)",506.0,38.5,17.5,48.0,https://www.skinnytaste.com/salmon-rice-bowls/,2026-05-12 02:01:31
skinnytaste,sushi,salmon bowl,5-Minute Microwave Salmon Rice Bowl,1/2 cup frozen brown rice 1 tablespoons sweet red chili sauce 1/2 teaspoon Sriracha sauce 1/4 teaspoon fresh grated ginger 6 ounce piece salmon filet 1  baby bok choy (halved lengthwise) pinch kosher salt 1 teaspoon sesame oil,533.0,48.5,18.0,51.0,https://www.skinnytaste.com/microwave-salmon-rice-bowl/,2026-05-12 02:01:32
